Model,task_key,cohort,n_train,n_valid,metric,valid_score,valid_prevalence,valid_pr_auc,valid_brier_score,valid_ece
M1b cancer-specific survival,M1b_cancer_specific_survival,1,1141,382,AUC-ROC,0.7100567302733367,0.27486910994764396,0.4746263550837799,0.21053926696537617,0.16634218205762996
M1b cancer-specific survival,M1b_cancer_specific_survival,2,1291,232,AUC-ROC,0.7267732267732268,0.33620689655172414,0.5788018659522216,0.19149526587948942,0.06049394248946026
M1b cancer-specific survival,M1b_cancer_specific_survival,3,920,603,AUC-ROC,0.7005726689142382,0.3913764510779436,0.6003802747672602,0.21839972245972283,0.08288452217841497
M1b cancer-specific survival,M1b_cancer_specific_survival,4,1349,174,AUC-ROC,0.8142067347964482,0.27011494252873564,0.6457100693344442,0.19272713927011223,0.2170260998939037
M1b cancer-specific survival,M1b_cancer_specific_survival,5,1391,132,AUC-ROC,0.6854040242733951,0.23484848484848486,0.4508053791628426,0.23747721736781072,0.26496062645988333
