Model,task_key,cohort,n_train,n_valid,metric,valid_score,valid_prevalence,valid_pr_auc,valid_brier_score,valid_ece
M1a overall survival,M1a_overall_survival,1,1141,382,AUC-ROC,0.8043502447708055,0.5602094240837696,0.8082838190895121,0.17894752751622645,0.05582217239216838
M1a overall survival,M1a_overall_survival,2,1291,232,AUC-ROC,0.6316964285714286,0.4827586206896552,0.615474521158298,0.28127272071732634,0.21868865072904492
M1a overall survival,M1a_overall_survival,3,920,603,AUC-ROC,0.7354280510018214,0.3034825870646766,0.5690604536800916,0.19609732956439713,0.12403803771491749
M1a overall survival,M1a_overall_survival,4,1349,174,AUC-ROC,0.7572751322751323,0.4827586206896552,0.7598228459516254,0.19939381238232018,0.04616103253432485
M1a overall survival,M1a_overall_survival,5,1391,132,AUC-ROC,0.7254464285714286,0.36363636363636365,0.6249487507669311,0.201693973305993,0.11799988790867268
