algorithm,metric,test_score,ci_low,ci_high,n_test,selection_basis,pr_auc,brier_score,ece,prevalence
EN (L1+L2),AUC-ROC,0.7845871040723983,0.7415137557723822,0.8358593885993864,381,winner locked by training_cv before test evaluation,0.7460422088547922,0.18913617674350755,0.06812844957072439,0.4199475065616798
