pred,obs,n
0.13649546511118624,0.07692307692307693,39
0.23882718990621465,0.2631578947368421,38
0.3087507768065012,0.18421052631578946,38
0.37873304902010446,0.23684210526315788,38
0.43168407673465437,0.2631578947368421,38
0.480269215878538,0.18421052631578946,38
0.5543206467780776,0.42105263157894735,38
0.6288081211718112,0.47368421052631576,38
0.7172556370219981,0.5526315789473685,38
0.8448053167828165,0.631578947368421,38
