roc_auc,pr_auc,brier_score,ece,prevalence,n
0.7010625,0.5145730889686091,0.2198228464622047,0.14303038394531092,0.32808398950131235,381
