threshold,tp,fp,tn,fn,sensitivity,specificity,ppv,npv,predicted_positive_rate,accuracy
0.1,125,251,5,0,1.0,0.01953125,0.3324468085106383,1.0,0.9868766404199475,0.34120734908136485
0.2,121,217,39,4,0.968,0.15234375,0.35798816568047337,0.9069767441860465,0.8871391076115486,0.4199475065616798
0.3,109,180,76,16,0.872,0.296875,0.3771626297577855,0.8260869565217391,0.7585301837270341,0.48556430446194226
0.4,97,138,118,28,0.776,0.4609375,0.4127659574468085,0.8082191780821918,0.6167979002624672,0.5643044619422573
0.5,81,78,178,44,0.648,0.6953125,0.5094339622641509,0.8018018018018018,0.41732283464566927,0.6797900262467191
