calibration_intercept,calibration_slope
-0.7047995351829118,0.7358022306278904
